${0},${0},
"${0} ${1} already exists."," ""${0} ${1} sudah ada.""",
"${0} ${1} does not exist"," ""${0} ${1} tidak ada.""",
"${0} ${1} has been modified after loading please reload entry."," ""${0} ${1} telah diubah setelah dimuat, silakan muat ulang entri.""",
"${0} ${1} is linked with existing records."," ""${0} ${1} terhubung dengan catatan yang sudah ada.""",
"${0} account not set in Inventory Settings."," ""Akun ${0} belum disetel di Pengaturan Inventaris.""",
"${0} already applied."," ""${0} sudah diterapkan.""",
"${0} already saved"," ""${0} sudah disimpan.""",
"${0} already submitted"," ""${0} sudah dikirim.""",
"${0} cancelled"," ""${0} dibatalkan.""",
"${0} cannot be cancelled"," ""${0} tidak dapat dibatalkan.""",
"${0} cannot be deleted"," ""${0} tidak dapat dihapus.""",
"${0} deleted"," ""${0} dihapus.""",
"${0} entries failed"," ""${0} entri gagal.""",
"${0} entries imported"," ""${0} entri diimpor.""",
"${0} entry failed"," ""${0} entri gagal.""",
"${0} entry imported"," ""${0} entri diimpor.""",
"${0} fields selected"," ""${0} bidang dipilih.""",
"${0} filters applied"," ""${0} filter diterapkan.""",
"${0} has linked child accounts."," ""${0} memiliki akun anak yang terhubung.""",
"${0} of type ${1} does not exist"," ""${0} dengan jenis ${1} tidak ada.""",
"${0} only has ${1} points"," ""${0} hanya memiliki ${1} poin.""",
"${0} out of ${1}"," ""${0} dari ${1}.""",
"${0} party ${1} is different from ${2}"," ""${0} pihak ${1} berbeda dari ${2}.""",
"${0} quantity ${1} added."," ""${0} sejumlah ${1} ditambahkan.""",
"${0} quantity 1 added."," ""${0} sejumlah 1 ditambahkan.""",
"${0} row added."," ""${0} baris ditambahkan.""",
"${0} rows"," ""${0} baris.""",
"${0} rows added."," ""${0} baris ditambahkan.""",
"${0} saved"," ""${0} disimpan.""",
"${0} shortcuts"," ""${0} pintasan.""",
"${0} stored at ${1}"," ""${0} disimpan di ${1}.""",
"${0} submitted"," ""${0} dikirim.""",
"${0} value ${1} does not exist."," ""Nilai ${0} ${1} tidak ada.""",
0%," ""0%""",
03-23-2022," ""23-03-2022""",
03/23/2022," ""23/03/2022""",
"1 filter applied"," ""1 filter diterapkan.""",
2022-03-23," ""2022-03-23""",
"23 Mar, 2022"," ""23 Mar 2022""",
23-03-2022," ""23-03-2022""",
23.03.2022," ""23.03.2022""",
23/03/2022," ""23/03/2022""",
9888900000," ""9888900000""",
"A submittable entry is deleted only if it is in the cancelled state."," ""Entri yang dapat dikirim hanya dapat dihapus jika dalam status dibatalkan.""",
Account," ""Akun""",
"Account ${0} does not exist."," ""Akun ${0} tidak ada.""",
"Account Entries"," ""Entri Akun.""",
"Account Name"," ""Nama Akun.""",
"Account Type"," ""Jenis Akun.""",
Accounting,Akuntansi,
"Accounting Entries","Entri Akuntansi",
"Accounting Ledger Entry","Entri Buku Besar Akuntansi",
"Accounting Settings","Pengaturan Akuntansi",
Accounts," Akun",
"Accounts Payable","Hutang Dagang",
"Accounts Receivable","Piutang Dagang",
"Accumulated Depreciation","Akumulasi Penyusutan",
Action,Tindakan,
Active,Aktif,
"Add Account","Tambah Akun",
"Add Customers","Tambah Pelanggan",
"Add Group","Tambah Grup",
"Add Items","Tambah Item",
"Add Row","Tambah Baris",
"Add Suppliers","Tambah Supplier",
"Add Taxes","Tambah Pajak",
"Add a few customers to create your first sales invoice","Tambahkan beberapa pelanggan untuk membuat faktur penjualan pertama Anda",
"Add a few suppliers to create your first purchase invoice","Tambahkan beberapa supplier untuk membuat faktur pembelian pertama Anda",
"Add a filter","Tambahkan filter",
"Add a remark","Tambahkan keterangan",
"Add attachment","Tambahkan lampiran",
"Add invoice terms","Tambahkan syarat faktur",
"Add products or services that you buy from your suppliers","Tambahkan produk atau layanan yang Anda beli dari supplier Anda",
"Add products or services that you sell to your customers","Tambahkan produk atau layanan yang Anda jual kepada pelanggan Anda",
"Add transfer terms","Tambahkan syarat transfer",
"Add'l Discounts","Diskon tambahan",
"Additional ${0} Serial Numbers required for ${1} quantity of ${2}.","Tambahan ${0} Nomor Seri diperlukan untuk ${1} jumlah ${2}.",
"Additional quantity (${0}) required${1} to make outward transfer of item ${2} from ${3} on ${4}","Jumlah tambahan (${0}) diperlukan${1} untuk melakukan transfer keluar item ${2} dari ${3} pada ${4}",
Address," Alamat",
"Address Display","Tampilan Alamat",
"Address Line 1","Baris Alamat 1",
"Address Line 2","Baris Alamat 2",
"Address Name","Nama Alamat",
"Administrative Expenses","Biaya Administratif",
Alert," Peringatan",
All," Semua",
"Allow to bypass filters","Izinkan melewati filter",
Amount," Jumlah",
"Amount Paid","Jumlah Dibayar",
"Amount: ${0} and writeoff: ${1} is less than the total amount allocated to references: ${2}.","Jumlah: ${0} dan penghapusan: ${1} lebih kecil dari jumlah total yang dialokasikan untuk referensi: ${2}.",
"Amount: ${0} is less than the total amount allocated to references: ${1}.","Jumlah: ${0} lebih kecil dari jumlah total yang dialokasikan untuk referensi: ${1}.",
Amounts," Jumlah",
"An entry is cancelled only if it is in the submitted state.","Entri hanya dapat dibatalkan jika dalam status dikirim.",
"An entry is submitted only if it is submittable and is in the saved state.","Entri hanya dapat dikirim jika dapat dikirim dan dalam status tersimpan.",
"An error occurred.","Terjadi kesalahan.",
And," Dan",
"Applicable anywhere in Frappe Books","Berlaku di mana saja dalam Frappe Books",
"Applicable when POS is open","Berlaku saat POS terbuka",
"Applicable when Quick Search is open","Berlaku saat Pencarian Cepat terbuka",
"Applicable when Template Builder is open","Berlaku saat Template Builder terbuka",
"Applicable when a entry is open in the Form view or Quick Edit view","Berlaku saat entri terbuka dalam tampilan Form atau Quick Edit",
"Applicable when the List View of an entry type is open","Berlaku saat Tampilan Daftar dari suatu jenis entri terbuka",
"Application of Funds (Assets)","Aplikasi Dana (Aset)",
"Applied Coupon Codes","Kode Kupon yang Diterapkan",
"Applied Items","Item yang Diterapkan",
"Apply Discount After Tax","Terapkan Diskon Setelah Pajak",
"Apply Price List","Terapkan Daftar Harga",
"Apply and view changes made to the print template","Terapkan dan lihat perubahan yang dilakukan pada template cetak",
April," April",
Arial," Arial",
"Ascending Order","Urutan Naik",
Asset," Aset",
"Attach Image","Lampirkan Gambar",
Attachment," Lampiran",
August," Agustus",
"Auto Payments","Pembayaran Otomatis",
"Auto Stock Transfer","Transfer Stok Otomatis",
Autocomplete," Pelengkapan Otomatis",
Back," Kembali",
"Back Reference","Referensi Balik",
"Bad import data, could not read file.","Data impor salah, tidak dapat membaca file.",
Balance," Saldo",
"Balance Amount","Jumlah Saldo",
"Balance Sheet",Neraca,
Bank," Bank",
"Bank Accounts","Rekening Bank",
"Bank Entry","Entri Bank",
"Bank Name","Nama Bank",
"Bank Overdraft Account","Rekening Cerukan Bank",
Barcode," Barcode",
"Barcode ${0} has an invalid length.","Barcode ${0} memiliki panjang tidak valid.",
"Base Grand Total","Total Keseluruhan Dasar",
"Based On",Berdasarkan,
Batch," Batch",
"Batch not set for row ${0}.","Batch tidak ditetapkan untuk baris ${0}.",
"Batch set for row ${0}.","Batch ditetapkan untuk baris ${0}.",
"Bill Created","Tagihan Dibuat",
Billing," Penagihan",
Billion," Miliar",
Black," Hitam",
Blue," Biru",
Both," Keduanya",
"Both From and To Location cannot be undefined","Lokasi Asal dan Tujuan tidak boleh tidak ditentukan",
Buildings," Bangunan",
Buy," Beli",
"Buy Button Colour","Warna Tombol Beli",
Cancel," Batalkan",
"Cancel ${0}?","Batalkan ${0}?",
"Cancel Button Colour","Warna Tombol Batal",
"Cancel or Delete an entry.","Batalkan atau Hapus entri.",
Cancelled," Dibatalkan",
"Cannot Commit Error","Tidak Dapat Menyelesaikan Kesalahan",
"Cannot Delete","Tidak Dapat Dihapus",
"Cannot Delete Account","Tidak Dapat Menghapus Akun",
"Cannot Export","Tidak Dapat Mengekspor",
"Cannot Import","Tidak Dapat Mengimpor",
"Cannot Open File","Tidak Dapat Membuka File",
"Cannot add an item to a submitted invoice.","Tidak dapat menambahkan item ke faktur yang telah dikirim.",
"Cannot cancel ${0} ${1} because of the following ${2}: ${3}","Tidak dapat membatalkan ${0} ${1} karena alasan berikut ${2}: ${3}",
"Cannot cancel ${0} because of the following ${1}: ${2}","Tidak dapat membatalkan ${0} karena alasan berikut ${1}: ${2}",
"Cannot delete ${0} ""${1}"" because of linked entries.","Tidak dapat menghapus ${0} ""${1}"" karena ada entri yang terhubung.",
"Cannot open file","Tidak dapat membuka file",
"Cannot perform operation.","Tidak dapat melakukan operasi.",
"Cannot read file","Tidak dapat membaca file",
"Capital Equipments","Peralatan Modal",
"Capital Stock","Modal Saham",
Cash,Kas,
"Cash Denominations","Pecahan Uang Tunai",
"Cash Entry","Entri Kas",
"Cash In Hand","Kas di Tangan",
Cashflow,"Arus Kas",
Ceil,"Pembulatan ke Atas",
"Central Tax","Pajak Pusat",
"Change DB","Ubah Database",
"Change File","Ubah File",
"Change Ref Type","Ubah Jenis Referensi",
"Changes made to settings will be visible on reload.","Perubahan pada pengaturan akan terlihat setelah dimuat ulang.",
Chargeable,"Dapat Dikenakan Biaya",
"Chart Of Accounts Reviewed","Bagan Akun Ditinjau",
"Chart of Accounts","Bagan Akun",
Check,Periksa,
"Check Digits","Periksa Digit",
"City / Town","Kota / Kabupaten",
Classic,Klasik,
Clear,Bersihkan,
"Clearance Date","Tanggal Kliring",
"Clearance Date not set.","Tanggal kliring belum ditetapkan.",
"Clicking continue will remove all the selected items.","Mengklik lanjutkan akan menghapus semua item yang dipilih.",
Close,Tutup,
"Close Frappe Books and try manually.","Tutup Frappe Books dan coba secara manual.",
"Close POS Shift","Tutup Shift POS",
"Close Quick Search","Tutup Pencarian Cepat",
Closing,Penutupan,
"Closing ${0} Amount can not be negative.","Jumlah penutupan ${0} tidak boleh negatif.",
"Closing (Cr)","Penutupan (Kredit)",
"Closing (Dr)","Penutupan (Debet)",
"Closing Amount","Jumlah Penutupan",
"Closing Amounts","Jumlah-Jumlah Penutupan",
"Closing Cash","Kas Penutupan",
"Closing Cash In Denominations","Kas Penutupan dalam Pecahan",
"Closing Date","Tanggal Penutupan",
Collapse,Ciutkan,
"Collection Factor (=1 LP)","Faktor Koleksi (=1 LP)",
"Collection Rules","Aturan Koleksi",
Color,Warna,
"Commission on Sales","Komisi atas Penjualan",
Common,Umum,
Company,Perusahaan,
"Company Logo","Logo Perusahaan",
"Company Name","Nama Perusahaan",
"Company Setup","Pengaturan Perusahaan",
Completed,Selesai,
Condition,Kondisi,
"Consolidate Columns","Gabungkan Kolom",
Contacts,Kontak,
Contains,Mengandung,
Continue,Lanjutkan,
"Continue submitting Sales Invoice?","Lanjutkan mengirimkan Faktur Penjualan?",
"Contra Entry","Entri Kontra",
"Conversion Error","Kesalahan Konversi",
"Conversion Factor","Faktor Konversi",
Converted,Dikonversi,
"Cost Of Goods Sold Acc.","Akun Harga Pokok Penjualan",
"Cost of Goods Sold","Harga Pokok Penjualan",
"Could not connect to database file ${0}, please select the file manually","Tidak dapat terhubung ke file database ${0}, silakan pilih file secara manual",
Count,Hitung,
"Counter Cash Account","Akun Kas Konter",
Country,Negara,
"Country Code","Kode Negara",
"Country code used to initialize regional settings.","Kode negara digunakan untuk menginisialisasi pengaturan regional.",
"Coupon ${0} is not applicable for applied items.","Kupon ${0} tidak berlaku untuk item yang diterapkan.",
"Coupon Code","Kode Kupon",
"Coupon Name","Nama Kupon",
Coupons,Kupon,
Courier,Kurir,
Cr.,Kredit,
"Cr. ${0}","Kredit ${0}",
Create,Buat,
"Create Demo","Buat Demo",
"Create Payment.","Buat Pembayaran.",
"Create Purchase","Buat Pembelian",
"Create Purchase Invoice","Buat Faktur Pembelian",
"Create Sale","Buat Penjualan",
"Create Sales Invoice","Buat Faktur Penjualan",
"Create a demo company to try out Frappe Books","Buat perusahaan demo untuk mencoba Frappe Books",
"Create a new company and store it on your computer","Buat perusahaan baru dan simpan di komputer Anda",
"Create a new company or select an existing one from your computer","Buat perusahaan baru atau pilih yang sudah ada dari komputer Anda",
"Create a new entry of the same type as the List View","Buat entri baru dengan jenis yang sama seperti Tampilan Daftar",
"Create new ${0} entry?","Buat entri ${0} baru?",
"Create your first purchase invoice from the created supplier","Buat faktur pembelian pertama Anda dari supplier yang dibuat",
"Create your first sales invoice for the created customer","Buat faktur penjualan pertama Anda untuk pelanggan yang dibuat",
Created,Dibuat,
"Created By","Dibuat Oleh",
"Creating Items and Parties","Membuat Item dan Pihak",
"Creating Journal Entries","Membuat Entri Jurnal",
"Creating Purchase Invoices","Membuat Faktur Pembelian",
Credit,Kredit,
"Credit Card Entry","Entri Kartu Kredit",
"Credit Note","Nota Kredit",
Creditors,Kreditur,
Currency,"Mata Uang",
"Currency Name","Nama Mata Uang",
Current,"Saat Ini",
"Current Assets","Aset Lancar",
"Current Liabilities","Kewajiban Lancar",
"Custom Field","Kolom Kustom",
"Custom Fields","Kolom-Kolom Kustom",
"Custom Form","Formulir Kustom",
"Custom Hex","Kode Hex Kustom",
Customer,Pelanggan,
"Customer Created","Pelanggan Dibuat",
"Customer Currency","Mata Uang Pelanggan",
Customers,Pelanggan,
Customizations,Kustomisasi,
"Customize Form","Sesuaikan Formulir",
"Customize your invoices by adding a logo and address details","Sesuaikan faktur Anda dengan menambahkan logo dan detail alamat",
"Dark mode","Mode Gelap",
Dashboard,Dasbor,
Data,Data,
"Database Error","Kesalahan Basis Data",
"Database file: ${0}","File basis data: ${0}",
Date,Tanggal,
"Date Format","Format Tanggal",
"Date Time","Tanggal dan Waktu",
Day,Hari,
Debit,Debit,
"Debit Note","Nota Debit",
Debtors,Debitur,
December,Desember,
"Decrease print template display scale","Kurangi skala tampilan template cetak",
Default,Default,
"Default Account","Akun Default",
"Default Cash Denominations","Pecahan Uang Tunai Default",
"Default Location","Lokasi Default",
Defaults,"Standar Default",
Delete,Hapus,
"Delete ${0}?","Hapus ${0}?",
"Delete Account","Hapus Akun",
"Delete Failed","Gagal Menghapus",
"Delete Group","Hapus Grup",
Delivered,Terkirim,
Denomination,Pecahan,
Depreciation,Penyusutan,
"Depreciation Entry","Entri Penyusutan",
Description,Deskripsi,
Details,Detail,
"Device is offline. Please connect to a network to continue.","Perangkat sedang offline. Harap sambungkan ke jaringan untuk melanjutkan.",
"Difference Amount","Selisih Jumlah",
"Direct Expenses","Beban Langsung",
"Direct Income","Pendapatan Langsung",
"Directory for database file ${0} does not exist, please select the file manually","Direktori untuk file basis data ${0} tidak ada, harap pilih file secara manual",
Disabled,Dinonaktifkan,
"Discount Account","Akun Diskon",
"Discount Account is not set.","Akun Diskon belum diatur.",
"Discount Amount","Jumlah Diskon",
"Discount Amount (${0}) cannot be greated than Amount (${1}).","Jumlah Diskon (${0}) tidak boleh lebih besar dari Jumlah (${1}).",
"Discount Percent","Persentase Diskon",
"Discount Percent (${0}) cannot be greater than 100.","Persentase Diskon (${0}) tidak boleh lebih dari 100.",
"Discount Percentage","Persentase Diskon",
"Discount Type","Jenis Diskon",
"Discounted Amount","Jumlah Setelah Diskon",
Discounts,Diskon,
"Display Amount In Words","Tampilkan Jumlah dalam Kata-kata",
"Display Doc","Tampilkan Dokumen",
"Display Logo in Invoice","Tampilkan Logo di Faktur",
"Display Precision","Tampilan Presisi",
"Display Precision should have a value between 0 and 9.","Presisi tampilan harus memiliki nilai antara 0 dan 9.",
"Display Scale","Skala Tampilan",
"Display Time In Invoice","Tampilkan Waktu di Faktur",
"Dividends Paid","Dividen Dibayarkan",
"Do not Contact","Jangan Dihubungi",
"Doc ${0} ${1} not set","Dokumen ${0} ${1} belum diatur",
Docs,Dokumen,
Documentation,Dokumentasi,
"Does Not Contain","Tidak Mengandung",
Done,Selesai,
Dr.,Dr.,
"Dr. ${0}","Dr. ${0}",
Draft,Draf,
Duplicate,Gandakan,
"Duplicate Entry","Entri Duplikat",
"Duplicate Template","Duplikat Template",
"Duplicate columns found: ${0}","Ditemukan kolom duplikat: ${0}",
"Duties and Taxes","Pajak dan Bea",
"Dynamic Link","Tautan Dinamis",
"Earnest Money","Uang Muka",
Eight,Delapan,
Eighteen,"Delapan Belas",
Eighty,"Delapan Puluh",
"Electronic Equipments","Peralatan Elektronik",
Eleven,Sebelas,
Email,Email,
"Email Address","Alamat Email",
Empty,Kosong,
"Empty file selected","File kosong dipilih",
"Enable Barcodes","Aktifkan Barcode",
"Enable Batches","Aktifkan Batch",
"Enable Coupon Code","Aktifkan Kode Kupon",
"Enable Discount Accounting","Aktifkan Akuntansi Diskon",
"Enable Form Customization","Aktifkan Kustomisasi Formulir",
"Enable Inventory","Aktifkan Inventaris",
"Enable Invoice Returns","Aktifkan Pengembalian Faktur",
"Enable Lead","Aktifkan Prospek",
"Enable Loyalty Program","Aktifkan Program Loyalitas",
"Enable Point of Sale","Aktifkan Kasir",
"Enable Price List","Aktifkan Daftar Harga",
"Enable Pricing Rule","Aktifkan Aturan Harga",
"Enable Serial Number","Aktifkan Nomor Seri",
"Enable Stock Returns","Aktifkan Pengembalian Stok",
"Enable UOM Conversion","Aktifkan Konversi Satuan",
Enabled,Diaktifkan,
"Enabled For","Diaktifkan Untuk",
"Enter Country to load States","Masukkan Negara untuk memuat Provinsi",
"Enter State","Masukkan Provinsi",
"Enter barcode","Masukkan barcode",
"Enter weight barcode","Masukkan barcode berat",
"Entertainment Expenses","Biaya Hiburan",
Entry,Entri,
"Entry Currency","Mata Uang Entri",
"Entry Label","Label Entri",
"Entry No","No. Entri",
"Entry No.","No. Entri",
"Entry Type","Jenis Entri",
"Entry has Grand Total ${0}. Please verify amounts.","Entri memiliki Total Keseluruhan ${0}. Harap verifikasi jumlahnya.",
Equity,Ekuitas,
Error,Kesalahan,
"Exchange Gain/Loss","Keuntungan/Kerugian Pertukaran",
"Exchange Rate","Kurs Pertukaran",
"Excise Entry","Entri Cukai",
"Existing Company","Perusahaan yang Ada",
Expand,Perluas,
"Expected Amount","Jumlah yang Diharapkan",
Expense,Pengeluaran,
"Expense Account","Akun Pengeluaran",
Expenses,Pengeluaran,
"Expenses Included In Valuation","Pengeluaran yang Termasuk dalam Penilaian",
"Expiry Date","Tanggal Kedaluwarsa",
"Expiry Duration","Durasi Kedaluwarsa",
Export,Ekspor,
"Export Failed","Ekspor Gagal",
"Export Format","Format Ekspor",
"Export Successful","Ekspor Berhasil",
"Export Wizard","Panduan Ekspor",
Failed,Gagal,
Fax,Faks,
Features,Fitur,
February,Februari,
Field,Kolom,
Fieldname,"Nama Kolom",
"Fieldname ${0} already exists for ${1}","Nama kolom ${0} sudah ada untuk ${1}",
"Fieldname ${0} already used for Custom Field ${1}","Nama kolom ${0} sudah digunakan untuk Kolom Kustom ${1}",
Fieldtype,"Jenis Kolom",
Fifteen,"Lima Belas",
Fifty,"Lima Puluh",
"File ${0} does not exist.","File ${0} tidak ada.",
"File selection failed","Pemilihan file gagal",
Fill,"Isi Data",
Filter,Filter,
"Fiscal Year","Tahun Fiskal",
"Fiscal Year End Date","Tanggal Akhir Tahun Fiskal",
"Fiscal Year Start Date","Tanggal Mulai Tahun Fiskal",
Five,Lima,
"Fix Failed","Perbaikan Gagal",
"Fixed Asset","Aset Tetap",
"Fixed Assets","Aset Tetap",
Float,Float,
Floor,Lantai,
"Following cells have errors: ${0}.","Sel berikut memiliki kesalahan: ${0}.",
"Following links do not exist: ${absentLinks .map((l) =>","Tautan berikut tidak ada: ${absentLinks .map((l) =>",
Font,Font,
"For Purchase","Untuk Pembelian",
"For Sales","Untuk Penjualan",
"Forbidden Error","Kesalahan Terlarang",
"Form Section","Bagian Formulir",
"Form Tab","Tab Formulir",
"Form Type","Jenis Formulir",
Forty,"Empat Puluh",
Four,Empat,
Fourteen,"Empat Belas",
Fr,Fr,
Fraction,Pecahan,
"Fraction Units","Satuan Pecahan",
"Frappe Books does not have access to the selected file: ${0}","Frappe Books tidak memiliki akses ke file yang dipilih: ${0}",
"Free Item","Item Gratis",
"Free items out of stock: ${0}","Item gratis kehabisan stok: ${0}",
"Freight and Forwarding Charges","Biaya Pengangkutan dan Penerusan",
From,Dari,
"From Account","Dari Akun",
"From Date","Dari Tanggal",
"From Lead","Dari Prospek",
"From Loc.","Dari Lokasi",
"From Year","Dari Tahun",
"Full Name","Nama Lengkap",
"Furnitures and Fixtures","Perabot dan Perlengkapan",
GST,GST,
"GSTIN No.","Nomor GSTIN",
GSTR1,GSTR1,
GSTR2,GSTR2,
"Gain/Loss on Asset Disposal","Keuntungan/Kerugian atas Pelepasan Aset",
General,Umum,
"General Ledger","Buku Besar",
"Get Started",Mulai,
Global,Global,
"Go back to the previous page","Kembali ke halaman sebelumnya",
Gram,Gram,
"Grand Total","Total Keseluruhan",
"Greater Than","Lebih Besar Dari",
Green,Hijau,
"Group By","Kelompokkan Berdasarkan",
HSN/SAC,HSN/SAC,
"HSN/SAC Code","Kode HSN/SAC",
"Half Yearly","Setengah Tahunan",
"Half Years","Setengah Tahun",
"Has Batch","Memiliki Batch",
"Has Serial Number","Memiliki Nomor Seri",
"Height (in cm)","Tinggi (dalam cm)",
Held,Ditahan,
"Held Button Colour","Warna Tombol yang Ditahan",
Help,Bantuan,
"Hex Value","Nilai Hex",
"Hidden values will be visible on Print on.","Nilai tersembunyi akan terlihat saat dicetak.",
"Hide Get Started","Sembunyikan Mulai",
"Hide Group Amounts","Sembunyikan Jumlah Grup",
"Hide Month/Year","Sembunyikan Bulan/Tahun",
"Hides the Get Started section from the sidebar. Change will be visible on restart or refreshing the app.","Menyembunyikan bagian Mulai dari sidebar. Perubahan akan terlihat setelah memulai ulang atau menyegarkan aplikasi.",
Hour,Jam,
Hundred,Seratus,
INR,INR,
"If any entry form is open, save the details. Otherwise, save the invoice.","Jika ada formulir yang terbuka, simpan detailnya. Jika tidak, simpan faktur.",
"If any entry form is open, your entry will be canceled. Otherwise the selected items will be removed.","Jika ada formulir yang terbuka, entri Anda akan dibatalkan. Jika tidak, item yang dipilih akan dihapus.",
Image,Gambar,
"Import Complete","Impor Selesai",
"Import Data","Impor Data",
"Import Data.","Impor Data.",
"Import Type","Jenis Impor",
"Import Wizard","Panduan Impor",
"Importer not set, reload tool","Pengimpor belum disetel, muat ulang alat",
Inactive,"Tidak Aktif",
"Include Cancelled","Sertakan yang Dibatalkan",
Income,Pendapatan,
"Income Account","Akun Pendapatan",
"Increase print template display scale","Tingkatkan skala tampilan templat cetak",
Indigo,Nila,
"Indirect Expenses","Beban Tidak Langsung",
"Indirect Income","Pendapatan Tidak Langsung",
Inflow,"Arus Masuk",
"Instance Id","ID Instansi",
"Insufficient Quantity","Jumlah Tidak Cukup",
"Insufficient Quantity.","Jumlah Tidak Cukup.",
"Insufficient Quantity. Item ${0} has only ${1} quantities available. you selected ${2}","Jumlah Tidak Cukup. Item ${0} hanya memiliki ${1} stok yang tersedia, Anda memilih ${2}",
Int,Int,
Interested,Tertarik,
"Intergrated Tax","Pajak Terintegrasi",
"Internal Precision","Presisi Internal",
"Invalid HSN Code.","Kode HSN Tidak Valid.",
"Invalid Key Error","Kesalahan Kunci Tidak Valid",
"Invalid Quantity for Item ${0}","Jumlah Tidak Valid untuk Item ${0}",
"Invalid barcode value ${0}.","Nilai barcode ${0} tidak valid.",
"Invalid value ${0} for ${1}","Nilai ${0} tidak valid untuk ${1}",
"Invalid value found for ${0}","Nilai tidak valid ditemukan untuk ${0}",
Inventory,Persediaan,
"Inventory Settings","Pengaturan Persediaan",
Investments,Investasi,
Invoice,Faktur,
"Invoice Created","Faktur Dibuat",
"Invoice Date","Tanggal Faktur",
"Invoice Item","Item Faktur",
"Invoice No","No. Faktur",
"Invoice No.","No. Faktur.",
"Invoice Value","Nilai Faktur",
Invoices,Faktur,
Is,Adalah,
"Is Coupon Code Based","Berdasarkan Kode Kupon",
"Is Custom",Kustom,
"Is Empty",Kosong,
"Is Enabled",Diaktifkan,
"Is Group",Grup,
"Is Landscape","Mode Lanskap",
"Is Multiple",Banyak,
"Is Not",Bukan,
"Is Not Empty","Tidak Kosong",
"Is POS Shift Open","Shift POS Terbuka",
"Is Price List Enabled","Daftar Harga Diaktifkan",
"Is Pricing Rule Enabled","Aturan Harga Diaktifkan",
"Is Recursive",Rekursif,
"Is Required",Diperlukan,
"Is Whole",Utuh,
Item,Item,
"Item ${0} has Zero Quantity","Item ${0} memiliki jumlah nol",
"Item ${0} is a batched item","Item ${0} adalah item dengan batch",
"Item ${0} is not a batched item","Item ${0} bukan item dengan batch",
"Item ${0} is not an Inventory Item.","Item ${0} bukan item persediaan.",
"Item ${0} not in Stock","Item ${0} tidak tersedia dalam stok",
"Item ${0} only has ${1} Quantity","Item ${0} hanya memiliki ${1} jumlah",
"Item ${0} only has ${1} Quantity in batch ${2}","Item ${0} hanya memiliki ${1} jumlah dalam batch ${2}",
"Item Code Digits","Digit Kode Item",
"Item Description","Deskripsi Item",
"Item Discounts","Diskon Item",
"Item Name","Nama Item",
"Item Prices","Harga Item",
"Item with From location not found","Item dengan lokasi asal tidak ditemukan",
"Item with To location not found","Item dengan lokasi tujuan tidak ditemukan",
"Item with barcode ${0} not found.","Item dengan barcode ${0} tidak ditemukan.",
Items,Item-item,
January,Januari,
"John Doe","John Doe",
"Journal Entries","Entri Jurnal",
"Journal Entry","Entri Jurnal",
"Journal Entry Account","Akun Entri Jurnal",
"Journal Entry Number Series","Seri Nomor Entri Jurnal",
"Journal Entry Print Template","Templat Cetak Entri Jurnal",
July,Juli,
June,Juni,
"Key Hints","Petunjuk Kunci",
Kg,Kg,
Label,Label,
Language,Bahasa,
Lead,Prospek,
"Left Index","Indeks Kiri",
"Legal Expenses","Biaya Hukum",
"Less Filters","Lebih Sedikit Filter",
"Less Than","Kurang Dari",
Liability,Kewajiban,
Limit,Batas,
Link,Tautan,
"Link Validation Error","Kesalahan Validasi Tautan",
"Linked Entries","Entri Tertaut",
List,Daftar,
"List View","Tampilan Daftar",
"Load an existing company from your computer","Muat perusahaan yang sudah ada dari komputer Anda",
"Loading Report...","Memuat Laporan...",
"Loading instance...","Memuat instansi...",
Loading...,Memuat...,
"Loans (Liabilities)","Pinjaman (Kewajiban)",
"Loans and Advances (Assets)","Pinjaman dan Uang Muka (Aset)",
Locale,Lokal,
Location,Lokasi,
"Location Name","Nama Lokasi",
Logo,Logo,
"Loyalty Point Entry","Entri Poin Loyalitas",
"Loyalty Points","Poin Loyalitas",
"Loyalty Points Redemption","Penukaran Poin Loyalitas",
"Loyalty Program","Program Loyalitas",
"Loyalty Program Tier","Tingkatan Program Loyalitas",
"Make Entry","Buat Entri",
"Make Payment On Submit","Lakukan Pembayaran saat Dikirim",
"Make Purchase Receipt On Submit","Buat Tanda Terima Pembelian saat Dikirim",
"Make Shipment On Submit","Buat Pengiriman saat Dikirim",
"Mandatory Error","Kesalahan Wajib",
Manufacture,Manufaktur,
"Manufacture Date","Tanggal Produksi",
"Mar 23, 2022","23 Maret 2022",
March,Maret,
"Mark ${0} as submitted?","Tandai ${0} sebagai telah dikirim?",
"Marketing Expenses","Biaya Pemasaran",
"Material Issue","Pengeluaran Material",
"Material Receipt","Penerimaan Material",
"Material Transfer","Transfer Material",
"Max Amount","Jumlah Maksimal",
"Max Qty (As Per Stock Unit)","Jumlah Maksimal (Sesuai Unit Stok)",
"Maximum Amount should be greater than the Minimum Amount.","Jumlah Maksimal harus lebih besar dari Jumlah Minimal.",
"Maximum Amount should be lesser than Pricing Rule's Maximum Amount","Jumlah Maksimal harus lebih kecil dari Jumlah Maksimal dalam Aturan Harga.",
"Maximum Quantity should be greater than the Minimum Quantity.","Kuantitas Maksimal harus lebih besar dari Kuantitas Minimal.",
"Maximum Use","Penggunaan Maksimal",
May,Mei,
Meter,Meter,
Million,Juta,
"Min Amount","Jumlah Minimal",
"Min Qty (As Per Stock Unit)","Jumlah Minimal (Sesuai Unit Stok)",
"Minimum Amount should be greather than the Pricing Rule's Minimum Amount.","Jumlah Minimal harus lebih besar dari Jumlah Minimal dalam Aturan Harga.",
"Minimum Amount should be less than the Maximum Amount.","Jumlah Minimal harus lebih kecil dari Jumlah Maksimal.",
"Minimum Quantity should be less than the Maximum Quantity.","Kuantitas Minimal harus lebih kecil dari Kuantitas Maksimal.",
"Minimum Total Spent","Total Pengeluaran Minimal",
Misc,Lain-lain,
Miscellaneous,Lain-lain,
"Miscellaneous Expenses","Pengeluaran Lain-lain",
Mo,Mo,
Mobile,Ponsel,
Modern,Modern,
Modified,Dimodifikasi,
"Modified By","Dimodifikasi Oleh",
Monthly,Bulanan,
Months,Bulan,
More,"Lebih banyak",
"More Filters","Filter Tambahan",
"More shortcuts will be added soon.","Lebih banyak pintasan akan segera ditambahkan.",
"Movement Type","Jenis Pergerakan",
Name,Nama,
Navigate,Navigasi,
"Need ${0} Serial Numbers for Item ${1}. You have provided ${2}","Membutuhkan ${0} Nomor Seri untuk Item ${1}. Anda telah memberikan ${2}",
"Net Total","Total Bersih",
"New ${0}","${0} Baru",
"New ${0} ${1}","${0} ${1} Baru",
"New Account","Akun Baru",
"New Company","Perusahaan Baru",
"New Entry","Entri Baru",
"New Template","Templat Baru",
Nine,Sembilan,
Nineteen,"Sembilan Belas",
Ninety,"Sembilan Puluh",
No,Tidak,
"No Display Entries Found","Tidak Ada Entri Tampilan yang Ditemukan",
"No Print Templates not found for entry type ${0}","Tidak ada Templat Cetak yang ditemukan untuk tipe entri ${0}",
"No Value","Tidak Ada Nilai",
"No Values to be Displayed","Tidak Ada Nilai untuk Ditampilkan",
"No entries found","Tidak ada entri yang ditemukan",
"No entries were imported.","Tidak ada entri yang diimpor.",
"No expenses in this period","Tidak ada pengeluaran dalam periode ini",
"No filters selected","Tidak ada filter yang dipilih",
"No linked entries found","Tidak ada entri terkait yang ditemukan",
"No results found","Tidak ada hasil yang ditemukan",
"No results found, disable filters","Tidak ada hasil yang ditemukan, nonaktifkan filter",
"No rows added. Select a file or add rows.","Tidak ada baris yang ditambahkan. Pilih file atau tambahkan baris.",
"No transactions yet","Belum ada transaksi",
"Non Active Serial Number ${0} cannot be used as Manufacture raw material","Nomor Seri Nonaktif ${0} tidak dapat digunakan sebagai bahan baku produksi",
"Non Active Serial Number ${0} cannot be used for Material Issue","Nomor Seri Nonaktif ${0} tidak dapat digunakan untuk Pengeluaran Material",
"Non Active Serial Number ${0} cannot be used for Material Transfer","Nomor Seri Nonaktif ${0} tidak dapat digunakan untuk Transfer Material",
"Non Inactive Serial Number ${0} cannot be used for Material Receipt","Nomor Seri Nonaktif ${0} tidak dapat digunakan untuk Penerimaan Material",
None,"Tidak Ada",
"Not Found","Tidak Ditemukan",
"Not Saved","Belum Disimpan",
"Not Submitted","Belum Diajukan",
"Not Transferred","Belum Ditransfer",
Notes,Catatan,
November,November,
"Number Display","Tampilan Angka",
"Number Series","Seri Angka",
"Number of ${0}","Jumlah ${0}",
"Number of Rows","Jumlah Baris",
October,Oktober,
"Office Equipments","Peralatan Kantor",
"Office Maintenance Expenses","Biaya Perawatan Kantor",
"Office Rent","Sewa Kantor",
Okay,Oke,
"Onboarding Complete","Proses Onboarding Selesai",
One,Satu,
"Only From or To can be set for Manufacture","Hanya Dari atau Ke yang dapat diatur untuk Produksi",
Open,Buka,
"Open Count","Jumlah Terbuka",
"Open Documentation","Buka Dokumentasi",
"Open Folder","Buka Folder",
"Open Print View","Buka Tampilan Cetak",
"Open Print View if Print is available.","Buka Tampilan Cetak jika Cetak tersedia.",
"Open Quick Search","Buka Pencarian Cepat",
"Open Report Print View","Buka Tampilan Cetak Laporan",
"Open Sales Invoice List","Buka Daftar Faktur Penjualan",
"Open Saved or Submitted Invoice List.","Buka Daftar Faktur yang Disimpan atau Diajukan.",
"Open the Export Wizard modal","Buka Wizard Ekspor",
"Opening (Cr)","Saldo Awal (Kredit)",
"Opening (Dr)","Saldo Awal (Debit)",
"Opening Amount","Jumlah Awal",
"Opening Amounts","Jumlah Saldo Awal",
"Opening Balance Equity","Saldo Awal Ekuitas",
"Opening Balances","Saldo Awal",
"Opening Cash","Kas Awal",
"Opening Cash Amount can not be negative.","Jumlah Kas Awal tidak boleh negatif.",
"Opening Cash In Denominations","Kas Awal dalam Pecahan",
"Opening Date","Tanggal Pembukaan",
"Opening Entry","Entri Awal",
"Opening Shift","Shift Awal",
Opportunity,Peluang,
Options,Opsi,
Orange,Oranye,
Organisation,Organisasi,
Outflow,"Arus Keluar",
Outstanding,"Belum Lunas",
"Outstanding Amount","Jumlah Belum Lunas",
POS,POS,
"POS Closing Shift","Penutupan Shift POS",
"POS Counter Cash Account is not set. Please set it on POS Settings","Akun Kas POS belum diatur. Harap atur di Pengaturan POS",
"POS Customer","Pelanggan POS",
"POS Inventory is not set. Please set it on POS Settings","Inventaris POS belum diatur. Harap atur di Pengaturan POS",
"POS Opening Shift","Pembukaan Shift POS",
"POS Settings","Pengaturan POS",
"POS Shift Amount","Jumlah Shift POS",
"POS Write Off Account is not set. Please set it on POS Settings","Akun Penghapusan POS belum diatur. Harap atur di Pengaturan POS",
"Pad Zeros","Tambahkan Nol",
Page,Halaman,
Paid,Dibayar,
"Paid ${0}","Dibayar ${0}",
"Paid Change",Kembalian,
Paisa,Paisa,
Parent,Induk,
"Parent Account","Akun Induk",
Party,Pihak,
"Patch Run","Jalankan Patch",
Pay,Bayar,
"Pay & Print","Bayar & Cetak",
"Pay And Print Button Colour","Warna Tombol Bayar dan Cetak",
"Pay Button Colour","Warna Tombol Bayar",
Payable,Hutang,
Payment,Pembayaran,
"Payment ${0} is Saved","Pembayaran ${0} telah Disimpan",
"Payment For","Pembayaran Untuk",
"Payment Method","Metode Pembayaran",
"Payment No","Nomor Pembayaran",
"Payment Number Series","Seri Nomor Pembayaran",
"Payment Print Template","Templat Cetak Pembayaran",
"Payment Reference","Referensi Pembayaran",
"Payment Type","Jenis Pembayaran",
"Payment amount cannot be ${0}.","Jumlah pembayaran tidak boleh ${0}.",
"Payment amount cannot be less than zero.","Jumlah pembayaran tidak boleh kurang dari nol.",
"Payment amount cannot exceed ${0}.","Jumlah pembayaran tidak boleh melebihi ${0}.",
"Payment amount: ${0} should be greater than 0.","Jumlah pembayaran: ${0} harus lebih besar dari 0.",
"Payment amount: ${0} should be less than Outstanding amount: ${1}.","Jumlah pembayaran: ${0} harus lebih kecil dari jumlah yang belum lunas: ${1}.",
"Payment of ${0} will be made from account ""${1}"" to account ""${2}"" on Submit.","Pembayaran sebesar ${0} akan dilakukan dari akun ""${1}"" ke akun ""${2}"" saat Diajukan.",
Payments,Pembayaran,
"Payroll Payable","Gaji yang Harus Dibayar",
"Pending Qty. ${0}","Kuantitas Tertunda ${0}",
"Pending qty. ${0}","Kuantitas Tertunda ${0}",
Periodicity,Periodisitas,
Phone,Telepon,
"Pick Columns","Pilih Kolom",
"Pick Import Columns","Pilih Kolom Impor",
Pink,"Merah Muda",
Place,Tempat,
"Place of supply","Tempat Pasokan",
"Plants and Machineries","Tanaman dan Mesin",
"Please Wait","Harap Tunggu",
"Please check Key Hints for valid key names","Harap periksa Petunjuk Kunci untuk nama kunci yang valid",
"Please create a ${0} entry to view Template Preview.","Harap buat entri ${0} untuk melihat Pratinjau Template.",
"Please fill all values.","Harap isi semua nilai.",
"Please restart and try again.","Harap mulai ulang dan coba lagi.",
"Please select a Print Template","Harap pilih Template Cetak",
"Please select a batch first","Harap pilih batch terlebih dahulu",
"Please select a valid reference type.","Harap pilih jenis referensi yang valid.",
"Please set GSTIN in General Settings.","Harap atur GSTIN di Pengaturan Umum.",
"Please set Round Off Account in the Settings.","Harap atur Akun Pembulatan di Pengaturan.",
"Please set a Display Doc","Harap atur Dokumen Tampilan",
"Point of Sale","Titik Penjualan",
"Points must be greater than 0","Poin harus lebih dari 0",
"Points must be greather than 0","Poin harus lebih dari 0",
"Pos Print Width","Lebar Cetak POS",
"Pos Ui","Antarmuka POS",
"Postal Code","Kode Pos",
"Postal Expenses","Biaya Pos",
"Posting Date","Tanggal Posting",
Prefix,Awalan,
"Price Discount","Diskon Harga",
"Price Discount Scheme","Skema Diskon Harga",
"Price Discount Type","Jenis Diskon Harga",
"Price List","Daftar Harga",
"Price List Item","Item Daftar Harga",
"Pricing Rule","Aturan Harga",
"Pricing Rule Detail","Detail Aturan Harga",
"Pricing Rule Item","Item Aturan Harga",
"Prime Bank","Bank Utama",
Print,Cetak,
"Print ${0}","Cetak ${0}",
"Print Failed","Cetak Gagal",
"Print Settings","Pengaturan Cetak",
"Print Setup","Pengaturan Cetak",
"Print Successful","Cetak Berhasil",
"Print Template","Template Cetak",
"Print Template Name not set","Nama Template Cetak belum diatur",
"Print Template is empty","Template Cetak kosong",
"Print Templates","Template Cetak",
"Print View","Tampilan Cetak",
"Print and Stationery","Percetakan dan Alat Tulis",
Priority,Prioritas,
Product,Produk,
"Product Discount","Diskon Produk",
"Product Discount Scheme","Skema Diskon Produk",
"Profit And Loss","Laba dan Rugi",
"Profit and Loss","Laba dan Rugi",
Purchase,Pembelian,
"Purchase Acc.","Akun Pembelian",
"Purchase Amount","Jumlah Pembelian",
"Purchase Invoice","Faktur Pembelian",
"Purchase Invoice Item","Item Faktur Pembelian",
"Purchase Invoice Number Series","Seri Nomor Faktur Pembelian",
"Purchase Invoice Print Template","Template Cetak Faktur Pembelian",
"Purchase Invoice Terms","Syarat Faktur Pembelian",
"Purchase Invoices","Faktur Pembelian",
"Purchase Item","Item Pembelian",
"Purchase Item Created","Item Pembelian Dibuat",
"Purchase Items","Item Pembelian",
"Purchase Payment","Pembayaran Pembelian",
"Purchase Payment Account","Akun Pembayaran Pembelian",
"Purchase Payments","Pembayaran Pembelian",
"Purchase Receipt","Tanda Terima Pembelian",
"Purchase Receipt Item","Item Tanda Terima Pembelian",
"Purchase Receipt Location","Lokasi Tanda Terima Pembelian",
"Purchase Receipt Number Series","Seri Nomor Tanda Terima Pembelian",
"Purchase Receipt Print Template","Template Cetak Tanda Terima Pembelian",
"Purchase Receipt Terms","Syarat Tanda Terima Pembelian",
Purchases,Pembelian,
Purple,Ungu,
Purpose,Tujuan,
"Qty in Batch","Kuantitas dalam Batch",
"Qty. ${0}","Kuantitas ${0}",
"Qty. in Transfer Unit","Kuantitas dalam Unit Transfer",
Quantity,Kuantitas,
"Quantity (${0}) has to be greater than zero","Kuantitas (${0}) harus lebih dari nol",
"Quantity and Amount","Kuantitas dan Jumlah",
"Quantity needs to be set","Kuantitas harus diatur",
Quarterly,"Per Kuartal",
Quarters,Kuartal,
"Quick Search","Pencarian Cepat",
"Quick edit error: ${0} entry has no name.","Kesalahan edit cepat: entri ${0} tidak memiliki nama.",
Quotation,Kutipan,
Quote,Kutipan,
"Quote Reference","Referensi Kutipan",
Rate,Tarif,
"Rate (${0}) cannot be less zero.","Tarif (${0}) tidak boleh kurang dari nol.",
"Rate (${0}) has to be greater than zero","Tarif (${0}) harus lebih dari nol",
"Rate can't be negative.","Tarif tidak boleh negatif.",
"Rate needs to be set","Tarif harus diatur",
"Raw Value: ${0}","Nilai Mentah: ${0}",
Receivable,Piutang,
Receive,Terima,
"Recurse Every (As Per Transaction Unit)","Berlaku Setiap (Sesuai Unit Transaksi)",
Red,Merah,
"Redeem Loyalty Points","Tukarkan Poin Loyalitas",
"Ref Name","Nama Referensi",
"Ref Type","Jenis Referensi",
"Ref. / Cheque No.","Ref. / No. Cek",
"Ref. Date","Tanggal Referensi",
"Ref. Name","Nama Referensi",
"Ref. Type","Jenis Referensi",
Reference,Referensi,
"Reference Date","Tanggal Referensi",
"Reference Id not set.","ID Referensi belum diatur.",
"Reference Number","Nomor Referensi",
"Reference Type","Jenis Referensi",
References,Referensi,
"Reload Frappe Books?","Muat Ulang Frappe Books?",
Replied,Dibalas,
Report,Laporan,
"Report Error","Kesalahan Laporan",
"Report Issue","Laporkan Masalah",
"Report will use more than one page if required.","Laporan akan menggunakan lebih dari satu halaman jika diperlukan.",
Reports,Laporan,
"Required fields not selected: ${0}","Kolom wajib tidak dipilih: ${0}",
"Retained Earnings","Laba Ditahan",
Return,Pengembalian,
"Return Against","Pengembalian Terhadap",
"Return Button Colour","Warna Tombol Pengembalian",
"Return Issued","Pengembalian Dikeluarkan",
"Reverse Chrg.","Biaya Terbalik",
Reverted,Dikembalikan,
Reverts,Mengembalikan,
"Review Accounts","Tinjau Akun",
"Review your chart of accounts, add any account or tax heads as needed","Tinjau bagan akun Anda, tambahkan akun atau kepala pajak jika diperlukan",
"Right Index","Indeks Kanan",
Role,Peran,
"Root Type","Jenis Akar",
Round,Bulatkan,
"Round Free Item Quantity","Bulatkan Kuantitas Item Gratis",
"Round Off",Pembulatan,
"Round Off Account","Akun Pembulatan",
"Round Off Account Not Found","Akun Pembulatan Tidak Ditemukan",
"Rounded Off",Dibulatkan,
"Rounding Method","Metode Pembulatan",
"Row ${0}","Baris ${0}",
Sa,Sa,
Salary,Gaji,
Sales,Penjualan,
"Sales Acc.","Akun Penjualan",
"Sales Expenses","Biaya Penjualan",
"Sales Invoice","Faktur Penjualan",
"Sales Invoice ${0} is Saved","Faktur Penjualan ${0} telah Disimpan",
"Sales Invoice ${0} is Submitted","Faktur Penjualan ${0} telah Dikirimkan",
"Sales Invoice Item","Item Faktur Penjualan",
"Sales Invoice Number Series","Seri Nomor Faktur Penjualan",
"Sales Invoice Print Template","Template Cetak Faktur Penjualan",
"Sales Invoice Terms","Syarat Faktur Penjualan",
"Sales Invoices","Faktur Penjualan",
"Sales Item","Item Penjualan",
"Sales Item Created","Item Penjualan Dibuat",
"Sales Items","Item Penjualan",
"Sales Payment","Pembayaran Penjualan",
"Sales Payment Account","Akun Pembayaran Penjualan",
"Sales Payments","Pembayaran Penjualan",
"Sales Quote","Penawaran Penjualan",
"Sales Quote Item","Item Penawaran Penjualan",
"Sales Quote Number Series","Seri Nomor Penawaran Penjualan",
"Sales Quote Print Template","Template Cetak Penawaran Penjualan",
"Sales Quotes","Penawaran Penjualan",
"Sales and Purchase","Penjualan dan Pembelian",
Save,Simpan,
"Save ${0}?","Simpan ${0}?",
"Save Button Colour","Warna Tombol Simpan",
"Save Customizations","Simpan Kustomisasi",
"Save Template","Simpan Template",
"Save Template File","Simpan File Template",
"Save as PDF","Simpan sebagai PDF",
"Save as PDF Successful","Berhasil Menyimpan sebagai PDF",
"Save changes made to ${0}?","Simpan perubahan yang dibuat pada ${0}?",
"Save or Submit an entry.","Simpan atau Kirim entri.",
Saved,Tersimpan,
"Search an Item","Cari Item",
"Secured Loans","Pinjaman Terjamin",
"Securities and Deposits","Surat Berharga dan Deposito",
Select,Pilih,
"Select CoA","Pilih CoA",
"Select Color","Pilih Warna",
"Select Colour","Pilih Warna",
"Select Country","Pilih Negara",
"Select File","Pilih File",
"Select Image","Pilih Gambar",
"Select Template File","Pilih File Template",
"Select a Display Doc to view the Template","Pilih Dokumen Tampilan untuk melihat Template",
"Select a Template type","Pilih Jenis Template",
"Select a form type to customize","Pilih Jenis Formulir untuk Dikustomisasi",
"Select a pre-defined page size, or set a custom page size for your Print Template.","Pilih ukuran halaman yang telah ditentukan, atau atur ukuran halaman kustom untuk Template Cetak Anda.",
"Select column","Pilih Kolom",
"Select file","Pilih File",
"Select folder","Pilih Folder",
"Select the template type.","Pilih Jenis Template.",
Selected,Dipilih,
September,September,
"Serial Number","Nomor Seri",
"Serial Number ${0} does not belong to the item ${1}.","Nomor Seri ${0} tidak termasuk dalam item ${1}.",
"Serial Number ${0} does not exist.","Nomor Seri ${0} tidak ada.",
"Serial Number ${0} is not Active.","Nomor Seri ${0} tidak Aktif.",
"Serial Number ${0} is not Inactive","Nomor Seri ${0} tidak Tidak Aktif.",
"Serial Number ${0} status is not Active.","Status Nomor Seri ${0} tidak Aktif.",
"Serial Number Description","Deskripsi Nomor Seri",
"Serial Number is enabled for Item ${0}","Nomor Seri diaktifkan untuk Item ${0}",
"Serial Number is not enabled for Item ${0}","Nomor Seri tidak diaktifkan untuk Item ${0}",
"Serial Number not set for row ${0}.","Nomor Seri belum diatur untuk baris ${0}.",
"Serial Number set for row ${0}.","Nomor Seri telah diatur untuk baris ${0}.",
Service,Layanan,
"Set Coupon Code","Atur Kode Kupon",
"Set Discount Amount","Atur Jumlah Diskon",
"Set Loyalty Program","Atur Program Loyalitas",
"Set Period","Atur Periode",
"Set Price List","Atur Daftar Harga",
"Set Print Size","Atur Ukuran Cetak",
"Set Template Type","Atur Jenis Template",
"Set Up",Atur,
"Set Up Your Workspace","Atur Ruang Kerja Anda",
"Set a Template value to see the Print Template","Atur nilai Template untuk melihat Template Cetak",
"Set an Import Type","Atur Jenis Impor",
"Set the display language.","Atur bahasa tampilan.",
"Set the local code. This is used for number formatting.","Atur kode lokal. Ini digunakan untuk format angka.",
"Set up your company information, email, country and fiscal year","Atur informasi perusahaan Anda, email, negara, dan tahun fiskal",
"Set up your opening balances before performing any accounting entries","Atur saldo awal Anda sebelum melakukan entri akuntansi",
"Set up your organization","Atur organisasi Anda",
"Set up your tax templates for your sales or purchase transactions","Atur template pajak Anda untuk transaksi penjualan atau pembelian",
"Sets how many digits are shown after the decimal point.","Menentukan berapa banyak digit yang ditampilkan setelah titik desimal.",
"Sets the app-wide date display format.","Menentukan format tampilan tanggal untuk seluruh aplikasi.",
"Sets the internal precision used for monetary calculations. Above 6 should be sufficient for most currencies.","Menentukan presisi internal yang digunakan untuk perhitungan keuangan. Di atas 6 sudah cukup untuk sebagian besar mata uang.",
"Sets the theme of the app.","Menentukan tema aplikasi.",
"Setting Up Instance","Menyiapkan Instansi",
Settings,Pengaturan,
Setup,Pengaturan,
"Setup Complete","Pengaturan Selesai",
"Setup Wizard","Panduan Pengaturan",
"Setup system defaults like date format and display precision","Atur sistem default seperti format tanggal dan presisi tampilan",
Seven,Tujuh,
Seventeen,"Tujuh Belas",
Seventy,"Tujuh Puluh",
Shipment,Pengiriman,
"Shipment ${0} is Submitted","Pengiriman ${0} telah Diajukan",
"Shipment Item","Item Pengiriman",
"Shipment Location","Lokasi Pengiriman",
"Shipment Number Series","Seri Nomor Pengiriman",
"Shipment Print Template","Template Cetak Pengiriman",
"Shipment Terms","Ketentuan Pengiriman",
Shortcuts,Pintasan,
"Should entries be submitted after syncing?","Haruskah entri diajukan setelah sinkronisasi?",
"Show HSN","Tampilkan HSN",
"Show Me","Tampilkan Saya",
"Show Month/Year","Tampilkan Bulan/Tahun",
"Single Value","Nilai Tunggal",
Six,Enam,
Sixteen,"Enam Belas",
Sixty,"Enam Puluh",
"Skip Child Tables","Lewati Tabel Anak",
"Skip Transactions","Lewati Transaksi",
"Smallest Currency Fraction Value","Nilai Pecahan Mata Uang Terkecil",
Softwares,"Perangkat Lunak",
"Something has gone terribly wrong. Please check the console and raise an issue.","Terjadi kesalahan fatal. Silakan periksa konsol dan laporkan masalahnya.",
"Source of Funds (Liabilities)","Sumber Dana (Kewajiban)",
"Standard Chart of Accounts","Bagan Akun Standar",
Start,Mulai,
"Start From Row Index","Mulai dari Indeks Baris",
State,"Negara Bagian",
"State Tax","Pajak Negara Bagian",
Status,Status,
Stock,Stok,
"Stock Adjustment","Penyesuaian Stok",
"Stock Assets","Aset Stok",
"Stock Balance","Saldo Stok",
"Stock Entries","Entri Stok",
"Stock Expenses","Pengeluaran Stok",
"Stock In Hand","Stok di Tangan",
"Stock In Hand Acc.","Akun Stok di Tangan",
"Stock Ledger","Buku Besar Stok",
"Stock Ledger Entry","Entri Buku Besar Stok",
"Stock Liabilities","Kewajiban Stok",
"Stock Movement","Pergerakan Stok",
"Stock Movement Item","Item Pergerakan Stok",
"Stock Movement No.","No. Pergerakan Stok",
"Stock Movement Number Series","Seri Nomor Pergerakan Stok",
"Stock Movement Print Template","Template Cetak Pergerakan Stok",
"Stock Movements","Pergerakan Stok",
"Stock Not Received","Stok Belum Diterima",
"Stock Not Shipped","Stok Belum Dikirim",
"Stock Not Transferred","Stok Belum Dipindahkan",
"Stock Received But Not Billed","Stok Diterima Tetapi Belum Ditagih",
"Stock Received But Not Billed Acc.","Akun Stok Diterima Tetapi Belum Ditagih",
"Stock Transfer Item","Item Transfer Stok",
"Stock Unit","Unit Stok",
StockTransfer,"Transfer Stok",
Stores,Toko,
Su,Min,
Submit,Kirim,
"Submit ${0}?","Ajukan ${0}?",
"Submit Button Colour","Warna Tombol Ajukan",
"Submit entries?","Ajukan entri?",
Submitted,Diajukan,
Success,Berhasil,
Supplier,Supplier,
"Supplier Created","Supplier Dibuat",
Suppliers,Supplier,
Symbol,Simbol,
System,Sistem,
"System Settings","Pengaturan Sistem",
"System Setup","Pengaturan Sistem",
Table,Tabel,
Target,Target,
Tax,Pajak,
"Tax Account","Akun Pajak",
"Tax Amount","Jumlah Pajak",
"Tax Assets","Aset Pajak",
"Tax Detail","Detail Pajak",
"Tax ID","ID Pajak",
"Tax Invoice Account","Akun Faktur Pajak",
"Tax Payment Account","Akun Pembayaran Pajak",
"Tax Rate","Tarif Pajak",
"Tax Summary","Ringkasan Pajak",
"Tax Template","Template Pajak",
"Tax Templates","Template Pajak",
"Tax and Totals","Pajak dan Total",
"Taxable Value","Nilai Kena Pajak",
"Taxed Amount","Jumlah Pajak",
Taxes,Pajak,
"Taxes and Charges","Pajak dan Biaya",
Teal,"Biru Kehijauan",
"Telephone Expenses","Biaya Telepon",
Template,Template,
"Template Builder","Pembuat Template",
"Template Compilation Error","Kesalahan Kompilasi Template",
"Template Name","Nama Template",
"Template Type","Tipe Template",
"Template file saved","File Template Disimpan",
Temporary,Sementara,
"Temporary Accounts","Akun Sementara",
"Temporary Opening","Pembukaan Sementara",
Ten,Sepuluh,
Terms,Ketentuan,
Text,Teks,
Th,Ka,
"The Grand Total must be less than ${0} to apply this coupon.","Total Keseluruhan harus kurang dari ${0} untuk menerapkan kupon ini.",
"The Grand Total must exceed ${0} to apply the coupon ${1}.","Total Keseluruhan harus lebih dari ${0} untuk menerapkan kupon ${1}.",
"The following characters cannot be used ${0} in a Number Series name.","Karakter berikut tidak dapat digunakan ${0} dalam nama Seri Nomor.",
"The following items have insufficient quantity for Shipment: ${0}","Item berikut memiliki jumlah yang tidak mencukupi untuk Pengiriman: ${0}",
Theme,Tema,
Thirteen,"Tiga Belas",
Thirty,"Tiga Puluh",
"This Month","Bulan Ini",
"This Quarter","Kuartal Ini",
"This Year","Tahun Ini",
"This action is permanent","Tindakan ini bersifat permanen",
"This action is permanent and will cancel the following payment: ${0}","Tindakan ini bersifat permanen dan akan membatalkan pembayaran berikut: ${0}",
"This action is permanent and will cancel the following payments: ${0}","Tindakan ini bersifat permanen dan akan membatalkan pembayaran berikut: ${0}",
"This action is permanent and will delete associated ledger entries.","Tindakan ini bersifat permanen dan akan menghapus entri buku besar yang terkait.",
"This action is permanent.","Tindakan ini bersifat permanen.",
Thousand,Seribu,
Three,Tiga,
"Tier Name","Nama Tingkatan",
"Times New Roman","Times New Roman",
Title,Judul,
To,Ke,
"To Account","Ke Akun",
"To Account and From Account can't be the same: ${0}","Akun Tujuan dan Akun Sumber tidak boleh sama: ${0}",
"To Date","Hingga Tanggal",
"To Loc.","Ke Lokasi",
"To Year","Hingga Tahun",
"Toggle Edit Mode","Alihkan Mode Edit",
"Toggle Key Hints","Alihkan Petunjuk Tombol",
"Toggle Linked Entries widget, not available in Quick Edit view.","Alihkan widget Entri Tertaut, tidak tersedia dalam tampilan Edit Cepat.",
"Toggle between Grid and List view","Alihkan antara tampilan Grid dan Daftar",
"Toggle between form and full width","Alihkan antara formulir dan lebar penuh",
"Toggle sidebar","Alihkan bilah samping",
"Toggle the Create filter","Alihkan filter Buat",
"Toggle the Docs filter","Alihkan filter Dokumen",
"Toggle the List filter","Alihkan filter Daftar",
"Toggle the Page filter","Alihkan filter Halaman",
"Toggle the Report filter","Alihkan filter Laporan",
"Top Expenses","Pengeluaran Teratas",
Total,Total,
"Total Amount","Jumlah Total",
"Total Asset (Debit)","Total Aset (Debet)",
"Total Debit: ${0} must be equal to Total Credit: ${1}","Total Debet: ${0} harus sama dengan Total Kredit: ${1}",
"Total Discount","Total Diskon",
"Total Equity (Credit)","Total Ekuitas (Kredit)",
"Total Expense (Debit)","Total Pengeluaran (Debet)",
"Total Income (Credit)","Total Pendapatan (Kredit)",
"Total Liability (Credit)","Total Kewajiban (Kredit)",
"Total Profit","Total Keuntungan",
"Total Quantity","Jumlah Total",
"Total Spending","Total Pengeluaran",
"Track Inventory","Lacak Inventaris",
Transfer,Transfer,
"Transfer No","Nomor Transfer",
"Transfer Type","Jenis Transfer",
"Transfer Unit","Unit Transfer",
"Transfer Unit ${0} is not applicable for Item ${1}","Unit Transfer ${0} tidak berlaku untuk Item ${1}",
"Transfer will cause future entries to have negative stock.","Transfer akan menyebabkan entri di masa depan memiliki stok negatif.",
"Travel Expenses","Biaya Perjalanan",
"Trial Balance","Neraca Percobaan",
Tu,Se,
Twelve,"Dua Belas",
Twenty,"Dua Puluh",
Two,Dua,
Type,Tipe,
"Type to search...","Ketik untuk mencari...",
UOM,Satuan,
"UOM Conversion Item","Item Konversi Satuan",
"UOM Conversions","Konversi Satuan",
"Unable to add an item to the return invoice.","Tidak dapat menambahkan item ke faktur pengembalian.",
Unit,Unit,
"Unit Type","Jenis Unit",
Unpaid,"Belum Dibayar",
"Unpaid ${0}","Belum Dibayar ${0}",
"Unsecured Loans","Pinjaman Tanpa Jaminan",
"Until Date","Hingga Tanggal",
"Use Full Width","Gunakan Lebar Penuh",
"Use List Filters","Gunakan Filter Daftar",
Used,Digunakan,
"User Remark","Catatan Pengguna",
"Utility Expenses","Biaya Utilitas",
"Valid From","Berlaku Dari",
"Valid From Date should be greather than Pricing Rule's Valid From Date.","Tanggal Berlaku harus lebih besar dari Tanggal Berlaku Aturan Harga.",
"Valid From Date should be less than Valid To Date.","Tanggal Berlaku Dari harus lebih kecil dari Tanggal Berlaku Hingga.",
"Valid To","Berlaku Hingga",
"Valid To Date should be greater than Valid From Date.","Tanggal Berlaku Hingga harus lebih besar dari Tanggal Berlaku Dari.",
"Valid To Date should be lesser than Pricing Rule's Valid To Date.","Tanggal Berlaku Hingga harus lebih kecil dari Tanggal Berlaku Hingga Aturan Harga.",
"Validation Error","Kesalahan Validasi",
Validity,Keabsahan,
"Validity and Usage","Keabsahan dan Penggunaan",
Value,Nilai,
"Value missing for ${0}","Nilai hilang untuk ${0}",
"Value: ${0}","Nilai: ${0}",
Version,Versi,
View,Lihat,
"View Accounting Entries","Lihat Entri Akuntansi",
"View Paid Invoices","Lihat Faktur yang Telah Dibayar",
"View Purchases","Lihat Pembelian",
"View Sales","Lihat Penjualan",
"View Stock Entries","Lihat Entri Stok",
"View Unpaid Invoices","Lihat Faktur yang Belum Dibayar",
"View linked entries","Lihat entri yang terhubung",
We,Kami,
"Weight Enabled Barcode","Barcode dengan Berat Diaktifkan",
"Welcome to Frappe Books","Selamat datang di Frappe Books",
"When linking documents, if no match is found and filtering is in effect, allow to disable filters.","Saat menautkan dokumen, jika tidak ada kecocokan ditemukan dan penyaringan aktif, izinkan untuk menonaktifkan filter.",
"Width (in cm)","Lebar (dalam cm)",
"Write Off",Penghapusan,
"Write Off Account","Akun Penghapusan",
"Write Off Account ${0} does not exist. Please set Write Off Account in General Settings","Akun Penghapusan ${0} tidak ada. Silakan atur Akun Penghapusan di Pengaturan Umum.",
"Write Off Account not set. Please set Write Off Account in General Settings","Akun Penghapusan belum diatur. Silakan atur Akun Penghapusan di Pengaturan Umum.",
"Write Off Entry","Entri Penghapusan",
"Year to Date","Tahun hingga Saat Ini",
Yearly,Tahunan,
Years,Tahun,
Yellow,Kuning,
Yes,Ya,
Zero,Nol,
and,dan,
"check values and click on","periksa nilai dan klik",
held,ditahan,
"in Batch ${0}","dalam Batch ${0}",
"item Weight Digits","Digit Berat Item",
john@doe.com,john@doe.com,
"no need ${0} points to purchase this item","tidak memerlukan ${0} poin untuk membeli item ini",
only,hanya,
"to apply changes","untuk menerapkan perubahan",